file	key	codepoint	description	service
NYCS-bull-trans---Std.svg	-	E000	blank black circle	Blank
NYCS-bull-trans--d-Std.svg	-d	E001	blank black diamond	Blank
NYCS-bull-trans-0-Std.svg	0	E002	0 dark gray circle	42nd Street Shuttle
NYCS-bull-trans-0d-Std.svg	0d	E003	0 black diamond	Unassigned
NYCS-bull-trans-1-Std.svg	1	E004	1 red circle	Broadway–Seventh Avenue Local
NYCS-bull-trans-1.svg	1.helv	E005	1 red circle	Broadway–Seventh Avenue Local
NYCTA-Standard-Medium-1.svg	1.nycta	E006	1 red circle	Broadway–Seventh Avenue Local
1 (1967-1979 New York City Subway bullet).svg	1.retired.1967-1979	E007	1 orange circle	Broadway–Seventh Avenue Local (1967–1979)
NYCS-bull-trans-1d-Std.svg	1d	E008	1 red diamond	Broadway–Seventh Avenue Express
NYCS-bull-trans-2-Std.svg	2	E009	2 red circle	Seventh Avenue Express
NYCS-bull-trans-2.svg	2.helv	E00A	2 red circle	Seventh Avenue Express
NYCTA-Standard-Medium-2.svg	2.nycta	E00B	2 red circle	Seventh Avenue Express
2 (1967-1979 New York City Subway bullet).svg	2.retired.1967-1979	E00C	2 red circle	Seventh Avenue Express (1967–1979)
NYCS-bull-trans-2d-Std.svg	2d	E00D	2 red diamond	Seventh Avenue Express
NYCS-bull-trans-3-Std.svg	3	E00E	3 red circle	Seventh Avenue Express
NYCS-bull-trans-3.svg	3.helv	E00F	3 red circle	Seventh Avenue Express
NYCTA-Standard-Medium-3.svg	3.nycta	E010	3 red circle	Seventh Avenue Express
3 (1967-1979 New York City Subway bullet).svg	3.retired.1967-1979	E011	3 turquoise circle	Seventh Avenue Express (1967–1979)
NYCS-bull-trans-3d-Std.svg	3d	E012	3 red diamond	Seventh Avenue Express
NYCS-bull-trans-4-Std.svg	4	E013	4 green circle	Lexington Avenue Express
NYCS-bull-trans-4.svg	4.helv	E014	4 green circle	Lexington Avenue Express
NYCTA-Standard-Medium-4.svg	4.nycta	E015	4 green circle	Lexington Avenue Express
4 (1967-1979 New York City Subway bullet).svg	4.retired.1967-1979	E016	4 magenta circle	Lexington Avenue Express (1967–1979)
NYCS-bull-trans-4d-Std.svg	4d	E017	4 green diamond	Lexington Avenue Express
NYCS-bull-trans-4d.svg	4d.helv	E018	4 green diamond	Lexington Avenue Express
NYCTA-Standard-Medium-4d.svg	4d.nycta	E019	4 green diamond	Lexington Avenue Express
NYCS-bull-trans-5-Std.svg	5	E01A	5 green circle	Lexington Avenue Express
NYCS-bull-trans-5.svg	5.helv	E01B	5 green circle	Lexington Avenue Express
NYCTA-Standard-Medium-5.svg	5.nycta	E01C	5 green circle	Lexington Avenue Express
5 (1967-1979 New York City Subway bullet).svg	5.retired.1967-1979	E01D	5 black circle	Lexington Avenue Express (1967–1979)
NYCS-bull-trans-5d-Std.svg	5d	E01E	5 green diamond	Lexington Avenue Express
NYCS-bull-trans-5d.svg	5d.helv	E01F	5 green diamond	Lexington Avenue Express
NYCTA-Standard-Medium-5d.svg	5d.nycta	E020	5 green diamond	Lexington Avenue Express
NYCS-bull-trans-6-Std.svg	6	E021	6 green circle	Lexington Avenue Local
NYCS-bull-trans-6.svg	6.helv	E022	6 green circle	Lexington Avenue Local
NYCTA-Standard-Medium-6.svg	6.nycta	E023	6 green circle	Lexington Avenue Local
6 (1967-1979 New York City Subway bullet).svg	6.retired.1967-1979	E024	6 yellow circle	Lexington Avenue Local (1967–1979)
NYCS-bull-trans-6d-Std.svg	6d	E025	6 green diamond	Pelham Express
NYCS-bull-trans-6d.svg	6d.helv	E026	6 green diamond	Pelham Express
NYCTA-Standard-Medium-6d.svg	6d.nycta	E027	6 green diamond	Pelham Express
NYCS-bull-trans-7-Std.svg	7	E028	7 purple circle	Flushing Local
NYCS-bull-trans-7.svg	7.helv	E029	7 purple circle	Flushing Local
NYCTA-Standard-Medium-7.svg	7.nycta	E02A	7 purple circle	Flushing Local
7 (1967-1979 New York City Subway bullet).svg	7.retired.1967-1979	E02B	7 orange circle	Flushing Local (1967–1979)
NYCS-bull-trans-7d-Std.svg	7d	E02C	7 purple diamond	Flushing Express
NYCS-bull-trans-7d.svg	7d.helv	E02D	7 purple diamond	Flushing Express
NYCTA-Standard-Medium-7d.svg	7d.nycta	E02E	7 purple diamond	Flushing Express
NYCS-bull-trans-8-Std.svg	8	E02F	8 green circle	Unassigned
8 (1967-1979 New York City Subway bullet).svg	8.retired.1967-1979	E030	8 turquoise circle	Third Avenue Local (1967–1979)
NYCS-bull-trans-8-Std-turquoise.svg	8.turquoise	E031	8 turquoise circle	Third Avenue Local
NYCS-bull-trans-8d-Std.svg	8d	E032	8 green diamond	Unassigned
NYCS-bull-trans-8d-Std-turquoise.svg	8d.turquoise	E033	8 turquoise diamond	Third Avenue Express
NYCS-bull-trans-9-Std.svg	9	E034	9 red circle	Broadway–Seventh Avenue Local
NYCS-bull-trans-9.svg	9.helv	E035	9 red circle	Broadway–Seventh Avenue Local
NYCS-bull-trans-9-red.svg	9.legacy.red	E036	9 red circle	Broadway–Seventh Avenue Local
NYCTA-Standard-Medium-9.svg	9.nycta	E037	9 red circle	Broadway–Seventh Avenue Local
NYCS-bull-trans-9d-Std.svg	9d	E038	9 red diamond	Broadway–Seventh Avenue Express
NYCS-bull-trans-10-Std.svg	10	E039	10 green circle	Unassigned
NYCS-bull-trans-11-Std.svg	11	E03A	11 purple circle	Unassigned
NYCS-bull-trans-12-Std.svg	12	E03B	12 green circle	Unassigned
NYCS-bull-trans-13-Std.svg	13	E03C	13 red circle	Unassigned
NYCS-bull-trans-A-Std.svg	A	E03D	A blue circle	Eighth Avenue Express
NYCS-bull-trans-A-Std-gray.svg	A.gray	E03E	A dark gray circle	Rockaway Park Shuttle
NYCS-bull-trans-A.svg	A.helv	E03F	A blue circle	Eighth Avenue Express
NYCS-bull-trans-A gray.svg	A.helv.gray	E040	A dark gray circle	Rockaway Park Shuttle
NYCS-bull-trans-A-Orange.svg	A.helv.orange	E041	A orange circle	Eighth Avenue Express via Sixth Avenue
NYCTA-Standard-Medium-A.svg	A.nycta	E042	A blue circle	Eighth Avenue Express
NYCTA-Standard-Medium-A sixth.svg	A.nycta.sixth	E043	A orange circle	Eighth Avenue Express via Sixth Avenue
A Train (1967-1979).svg	A.retired.1967-1979	E044	A blue circle	Eighth Avenue Express (1967–1979)
A Train (1967-1987).svg	A.retired.1967-1987	E045	A blue circle	Eighth Avenue Express (1967–1987)
NYCS-bull-trans-Ad-Std.svg	Ad	E046	A blue diamond	Eighth Avenue Express
NYCS-bull-trans-Ad-Std-gray.svg	Ad.gray	E047	A dark gray diamond	Rockaway Park Shuttle Express
NYCS-bull-trans-Ad.svg	Ad.helv	E048	A blue diamond	Eighth Avenue Express
NYCS-bull-trans-Ad-(1979-1987).svg	Ad.retired.1979-1987	E049	A blue diamond	Fulton Street Express (1979–1987)
AA Train (1967-1979).svg	AA.retired.1967-1979	E04A	AA magenta circle	Eighth Avenue Local (1967–1979)
AA Train (1979-1985).svg	AA.retired.1979-1985	E04B	AA blue circle	Eighth Avenue Local (1979–1985)
NYCS-bull-trans-B-Std.svg	B	E04C	B orange circle	Sixth Avenue Express
NYCS-bull-trans-B.svg	B.helv	E04D	B orange circle	Sixth Avenue Express
NYCS-bull-trans-B yellow.svg	B.helv.yellow	E04E	B yellow circle	Broadway Express (1986–1988)
NYCTA-Standard-Medium-B.svg	B.nycta	E04F	B orange circle	Sixth Avenue Express
NYCTA-Standard-Medium-B broadway.svg	B.nycta.broadway	E050	B yellow circle	Broadway Express
B Train (1967-1979).svg	B.retired.1967-1979	E051	B black circle	Sixth Avenue Express (1967–1979)
NYCS-bull-trans-Bd-Std.svg	Bd	E052	B orange diamond	Sixth Avenue Express
NYCS-bull-trans-Bd.svg	Bd.helv	E053	B orange diamond	Sixth Avenue Express
NYCS-bull-trans-Bd yellow.svg	Bd.helv.yellow	E054	B yellow diamond	Broadway Express (1986–1988)
NYCTA-Standard-Medium-Bd.svg	Bd.nycta	E055	B orange diamond	Sixth Avenue Express
NYCTA-Standard-Medium-Bd broadway.svg	Bd.nycta.broadway	E056	B yellow diamond	Broadway Express
NYCS-bull-trans-Bs-Std.svg	Bs	E057	B yellow circle	West End Local via Broadway (1986–1988)
NYCS-bull-trans-Bsd-Std.svg	Bsd	E058	B yellow diamond	West End Express via Broadway (1986–1988)
NYCS-bull-trans-C-Std.svg	C	E059	C blue circle	Eighth Avenue Local
NYCS-bull-trans-C.svg	C.helv	E05A	C blue circle	Eighth Avenue Local
NYCTA-Standard-Medium-C.svg	C.nycta	E05B	C blue circle	Eighth Avenue Local
C Train (1985-1987).svg	C.retired.1985-1987	E05C	C blue circle	Eighth Avenue Local (1985–1987)
NYCS-bull-trans-Cd-Std.svg	Cd	E05D	C blue diamond	Eighth Avenue Express
NYCS-bull-trans-Cd.svg	Cd.helv	E05E	C blue diamond	Eighth Avenue Express
NYCTA-Standard-Medium-Cd.svg	Cd.nycta	E05F	C blue diamond	Eighth Avenue Express
C Train - diamond (pre-1987).svg	Cd.retired.pre-1987	E060	C blue diamond	Eighth Avenue Express (pre-1987)
CC Train (1967-1979).svg	CC.retired.1967-1979	E061	CC green circle	Eighth Avenue Local (1967–1979)
CC Train (1979-1985).svg	CC.retired.1979-1985	E062	CC blue circle	Eighth Avenue Local (1979–1985)
CC Train - diamond.svg	CCd.retired	E063	CC blue diamond	Eighth Avenue Express
NYCS-bull-trans-D-Std.svg	D	E064	D orange circle	Sixth Avenue Express
NYCS-bull-trans-D.svg	D.helv	E065	D orange circle	Sixth Avenue Express
NYCS-bull-trans-D yellow.svg	D.helv.yellow	E066	D yellow circle	Sixth Avenue Express, Bronx–34th Street (1986–1988)
NYCTA-Standard-Medium-D.svg	D.nycta	E067	D orange circle	Sixth Avenue Express
NYCTA-Standard-Medium-D broadway.svg	D.nycta.broadway	E068	D yellow circle	Broadway Express
D Train (1967-1979).svg	D.retired.1967-1979	E069	D orange circle	Sixth Avenue Express (1967–1979)
NYCS-bull-trans-Dd-Std.svg	Dd	E06A	D orange diamond	Sixth Avenue Express
NYCS-bull-trans-Dd.svg	Dd.helv	E06B	D orange diamond	Sixth Avenue Express
NYCS-bull-trans-Ds-Std.svg	Ds	E06C	D yellow circle	Brighton Local via Broadway (1986–1988)
NYCS-bull-trans-Dsd-Std.svg	Dsd	E06D	D yellow diamond	Brighton Express via Broadway (1986–1988)
NYCS-bull-trans-E-Std.svg	E	E06E	E blue circle	Eighth Avenue Local
NYCS-bull-trans-E.svg	E.helv	E06F	E blue circle	Eighth Avenue Local
NYCTA-Standard-Medium-E.svg	E.nycta	E070	E blue circle	Eighth Avenue Local
E Train (1967-1979).svg	E.retired.1967-1979	E071	E turquoise circle	Eighth Avenue Local (1967–1979)
E Train (1979-1987).svg	E.retired.1979-1987	E072	E blue circle	Eighth Avenue Local (1979–1987)
NYCS-bull-trans-Ed-Std.svg	Ed	E073	E blue diamond	Eighth Avenue Express
EE Train (1967-1976).svg	EE.retired.1967-1976	E074	EE orange circle	Broadway Local (1967–1976)
NYCS-bull-trans-F-Std.svg	F	E075	F orange circle	Sixth Avenue Local
NYCS-bull-trans-F.svg	F.helv	E076	F orange circle	Sixth Avenue Local
NYCTA-Standard-Medium-F.svg	F.nycta	E077	F orange circle	Sixth Avenue Local
F Train (1967-1979).svg	F.retired.1967-1979	E078	F magenta circle	Sixth Avenue Local (1967–1979)
NYCS-bull-trans-Fd-Std.svg	Fd	E079	F orange diamond	Culver Express
NYCS-bull-trans-Fd.svg	Fd.helv	E07A	F orange diamond	Culver Express
NYCTA-Standard-Medium-Fd.svg	Fd.nycta	E07B	F orange diamond	Culver Express
NYCS-bull-trans-G-Std.svg	G	E07C	G lime green circle	Brooklyn–Queens Crosstown Local
NYCS-bull-trans-G.svg	G.helv	E07D	G lime green circle	Brooklyn–Queens Crosstown Local
NYCTA-Standard-Medium-G.svg	G.nycta	E07E	G lime green circle	Brooklyn–Queens Crosstown Local
NYCS-bull-trans-Gd-Std.svg	Gd	E07F	G lime green diamond	Brooklyn–Queens Crosstown Express
GG Train (1967-1979).svg	GG.retired.1967-1979	E080	GG green circle	Brooklyn–Queens Crosstown Local (1967–1979)
GG Train (1979-1985).svg	GG.retired.1979-1985	E081	GG lime green circle	Brooklyn–Queens Crosstown Local (1979–1985)
NYCS-bull-trans-H-Std.svg	H	E082	H blue circle	Rockaway Park Shuttle
NYCS-bull-trans-H.svg	H.helv	E083	H blue circle	Rockaway Park Shuttle
NYCTA-Standard-Medium-H.svg	H.nycta	E084	H blue circle	Rockaway Park Shuttle
H Train (1985-1987).svg	H.retired.1985-1987	E085	H blue circle	Rockaway Park Shuttle (1985–1987)
NYCS-bull-trans-Hd-Std.svg	Hd	E086	H blue diamond	Rockaway Park Shuttle Express
HH Train (1967-1972).svg	HH.retired.1967-1972	E087	HH red circle	Court Street Shuttle
NYCS-bull-trans-I-Std.svg	I	E088	I black circle	Unassigned
NYCS-bull-trans-Id-Std.svg	Id	E089	I black diamond	Unassigned
NYCS-bull-trans-J-Std.svg	J	E08A	J brown circle	Nassau Street Local
NYCS-bull-trans-J.svg	J.helv	E08B	J brown circle	Nassau Street Local
NYCTA-Standard-Medium-J.svg	J.nycta	E08C	J brown circle	Nassau Street Local
J Train (1973-1979).svg	J.retired.1973-1979	E08D	J black circle	Nassau Street Local
NYCS-bull-trans-Jd-Std.svg	Jd	E08E	J brown diamond	Nassau Street Express
NYCS-bull-trans-Jd.svg	Jd.helv	E08F	J brown diamond	Nassau Street Express
NYCTA-Standard-Medium-Jd.svg	Jd.nycta	E090	J brown diamond	Nassau Street Express
NYCS-bull-trans-JFK.svg	JFK.r32	E091	airplane turquoise circle	JFK Express
JJ Train (1967-1973).svg	JJ.retired.1967-1973	E092	JJ orange circle	Nassau Street Local (1967–1973)
NYCS-bull-trans-K-Std.svg	K	E093	K blue circle	Eighth Avenue Local
NYCS-bull-trans-K.svg	K.helv	E094	K blue circle	Eighth Avenue Local
NYCS-bull-trans-K-gray.svg	K.helv.gray	E095	K light gray circle	Canarsie skip-stop (proposed)
NYCTA-Standard-Medium-K.svg	K.nycta	E096	K blue circle	Eighth Avenue Local
NYCTA-Standard-Medium-K canarsie.svg	K.nycta.canarsie	E097	K dark gray circle	Canarsie skip-stop (proposed)
K Train (1973-1976).svg	K.retired.1973-1976	E098	K blue circle	Jamaica–Sixth Avenue Local (1973–1976)
K Train (1985-1987).svg	K.retired.1985-1987	E099	K blue circle	Eighth Avenue Local (1985–1987)
NYCS-bull-trans-Kd-Std.svg	Kd	E09A	K blue diamond	Eighth Avenue Express
KK Train (1967-1973).svg	KK.retired.1967-1973	E09B	KK blue circle	Jamaica–Sixth Avenue Local (1967–1973)
NYCS-bull-trans-L-Std.svg	L	E09C	L light gray circle	14th Street–Canarsie Local
NYCS-bull-trans-L.svg	L.helv	E09D	L light gray circle	14th Street–Canarsie Local
NYCTA-Standard-Medium-L.svg	L.nycta	E09E	L dark gray circle	14th Street–Canarsie Local
NYCS-bull-trans-Ld-Std.svg	Ld	E09F	L light gray diamond	14th Street–Canarsie Express
LL Train (1967-1979).svg	LL.retired.1967-1979	E0A0	LL black circle	14th Street–Canarsie Local (1967–1979)
LL Train (1979-1985).svg	LL.retired.1979-1985	E0A1	LL light gray circle	14th Street–Canarsie Local (1979–1985)
NYCS-bull-trans-M-Std.svg	M	E0A2	M orange circle	Sixth Avenue Local
NYCS-bull-trans-M-Std-brown.svg	M.brown	E0A3	M brown circle	Nassau Street Local (1979–2010)
NYCS-bull-trans-M.svg	M.helv	E0A4	M orange circle	Sixth Avenue Local
NYCS-bull-trans-M brown.svg	M.helv.brown	E0A5	M brown circle	Nassau Street Local (1979–2010)
NYCTA-Standard-Medium-M.svg	M.nycta	E0A6	M orange circle	Sixth Avenue Local
NYCTA-Standard-Medium-M-nassau.svg	M.nycta.nassau	E0A7	M brown circle	Nassau Street Local
M Train (1967-1979).svg	M.retired.1967-1979	E0A8	M turquoise circle	Sixth Avenue Local (1967–1979)
NYCS-bull-trans-Md-Std.svg	Md	E0A9	M orange diamond	Sixth Avenue Express
NYCS-bull-trans-Md-Std-brown.svg	Md.brown	E0AA	M brown diamond	Nassau Street Express (2001–2010)
NYCS-bull-trans-Md brown.svg	Md.helv.brown	E0AB	M brown diamond	Nassau Street Express (2001–2010)
NYCTA-Standard-Medium-Md nassau.svg	Md.nycta.nassau	E0AC	M brown diamond	Nassau Street Express
MJ Train (1967-1979).svg	MJ.retired.1967-1979	E0AD	MJ magenta circle	Myrtle Avenue Local (1967–1979)
NYCS-bull-trans-N-Std.svg	N	E0AE	N yellow circle	Broadway Express
NYCS-bull-trans-N.svg	N.helv	E0AF	N yellow circle	Broadway Express
NYCTA-Standard-Medium-N.svg	N.nycta	E0B0	N yellow circle	Broadway Express
N Train (1967-1979).svg	N.retired.1967-1979	E0B1	N yellow circle	Broadway Express (1967–1979)
NYCS-bull-trans-Nd-Std.svg	Nd	E0B2	N yellow diamond	Broadway Express
NYCS-bull-trans-Nd.svg	Nd.helv	E0B3	N yellow diamond	Broadway Express
NYCTA-Standard-Medium-Nd.svg	Nd.nycta	E0B4	N yellow diamond	Broadway Express
NX Train (1967-1968).svg	NX.retired.1967-1968	E0B5	NX turquoise circle	Sea Beach–Brighton Express (1967–1968)
NYCS-bull-trans-O-Std.svg	O	E0B6	O black circle	Unassigned
NYCS-bull-trans-Od-Std.svg	Od	E0B7	O black diamond	Unassigned
NYCS-bull-trans-P-Std.svg	P	E0B8	P black circle	Unassigned
NYCS-bull-trans-Pd-Std.svg	Pd	E0B9	P black diamond	Unassigned
NYCS-bull-trans-Q-Std.svg	Q	E0BA	Q yellow circle	Second Avenue Express
NYCS-bull-trans-Q.svg	Q.helv	E0BB	Q yellow circle	Second Avenue Express
NYCS-bull-trans-Q-alt.svg	Q.legacy.alt	E0BC	Q yellow circle	Second Avenue Express
NYCTA-Standard-Medium-Q.svg	Q.nycta	E0BD	Q yellow circle	Second Avenue Express
NYCTA-Standard-Medium-Q sixth.svg	Q.nycta.sixth	E0BE	Q orange circle	Sixth Avenue Express (1988–2001)
NYCS-bull-trans-Q-Std-orange.svg	Q.orange	E0BF	Q orange circle	Sixth Avenue Express (1988–2001)
NYCS-bull-trans-Q orange.svg	Q.retired.orange.helv	E0C0	Q orange circle	Sixth Avenue Express (1988–2001)
NYCS-bull-trans-Qd-Std.svg	Qd	E0C1	Q yellow diamond	Second Avenue Express
NYCS-bull-trans-Qd.svg	Qd.helv	E0C2	Q yellow diamond	Second Avenue Express
NYCTA Standard-Medium-Qd.svg	Qd.nycta	E0C3	Q yellow diamond	Second Avenue Express
NYCS-bull-trans-Qd-Std-orange.svg	Qd.orange	E0C4	Q orange diamond	Sixth Avenue Express (1988–2001)
QB Train (1967-1979).svg	QB.retired.1967-1979	E0C5	QB red circle	Broadway–Brighton Local (1967–1979)
QB Train (1979-1985).svg	QBd.retired.1979-1985	E0C6	QB yellow diamond	Broadway–Brighton Express (1979–1985)
QJ Train (1967-1976).svg	QJ.retired.1967-1976	E0C7	QJ black circle	Nassau Street–Brighton Local (1967–1976)
NYCS-bull-trans-R-Std.svg	R	E0C8	R yellow circle	Broadway Local
NYCS-bull-trans-R-Std-brown.svg	R.brown	E0C9	R brown circle	Nassau Street Local (1985–1987)
NYCS-bull-trans-R.svg	R.helv	E0CA	R yellow circle	Broadway Local
NYCS-bull-trans-R-alt.svg	R.legacy.alt	E0CB	R yellow circle	Broadway Local
NYCTA-Standard-Medium-R.svg	R.nycta	E0CC	R yellow circle	Broadway Local
NYCS-bull-trans-Rd-Std.svg	Rd	E0CD	R yellow diamond	Broadway Express
NYCS-bull-trans-Rd-Std-brown.svg	Rd.brown	E0CE	R brown diamond	Nassau Street Express (1985–1987)
NYCS-bull-trans-Rd.svg	Rd.helv	E0CF	R yellow diamond	Broadway Express
NYCTA-Standard-Medium-Rd.svg	Rd.nycta	E0D0	R yellow diamond	Broadway Express
NYCTA-Standard-Medium-Rd nassau.svg	Rd.nycta.nassau	E0D1	R brown diamond	Nassau Street Express
RJ Train (1967-1968).svg	RJ.retired.1967-1968	E0D2	RJ red circle	Jamaica–Fourth Avenue Local (1967–1968)
RR Train (1967-1979).svg	RR.retired.1967-1979	E0D3	RR green circle	Broadway–Fourth Avenue Local (1967–1979)
RR Train (1979-1985).svg	RR.retired.1979-1985	E0D4	RR yellow circle	Broadway–Fourth Avenue Local (1979–1985)
RR Train - Yellow diamond.svg	RRd.retired.yellow	E0D5	RR yellow diamond	Broadway–Fourth Avenue Express
NYCS-bull-trans-S-Std.svg	S	E0D6	S dark gray circle	Shuttle
NYCS-bull-trans-S.svg	S.helv	E0D7	S dark gray circle	Shuttle
NYCS-bull-trans-S blue.svg	S.helv.blue	E0D8	S blue circle	Rockaway Park Shuttle
NYCS-bull-trans-S orange.svg	S.helv.orange	E0D9	S orange circle	63rd Street Shuttle
NYCS-bull-trans-S yellow.svg	S.helv.yellow	E0DA	S yellow circle	Lefferts Boulevard Shuttle
NYCTA-Standard-Medium-S.svg	S.nycta	E0DB	S dark gray circle	Shuttle
NYCTA-Standard-Medium-S 63.svg	S.nycta.63	E0DC	S yellow circle	63rd Street Shuttle
NYCTA-Standard-Medium-S rockaway.svg	S.nycta.rockaway	E0DD	S blue circle	Rockaway Park Shuttle
NYCTA-Standard-Medium-S sixth.svg	S.nycta.sixth	E0DE	S orange circle	Sixth Avenue Shuttle
NYCS-bull-trans-Sd-Std.svg	Sd	E0DF	S dark gray diamond	Shuttle Express
NYCS-bull-trans-S6-Std.svg	S6	E0E0	S orange circle	Sixth Avenue Shuttle
NYCS-bull-trans-S6d-Std.svg	S6d	E0E1	S orange diamond	Sixth Avenue Shuttle Express
NYCS-bull-trans-SB-Std.svg	SB	E0E2	S yellow circle	63rd Street Shuttle
NYCS-bull-trans-SBd-Std.svg	SBd	E0E3	S yellow diamond	63rd Street Shuttle Express
NYCS-bull-trans-SF-Std.svg	SF	E0E4	S with small F, dark gray circle	Franklin Avenue Shuttle
NYCS-bull-trans-SF.svg	SF.helv	E0E5	S with small F, dark gray circle	Franklin Avenue Shuttle
NYCS-bull-trans-SF-Std-silver.svg	SF.silver	E0E6	S light gray circle	Franklin Avenue Shuttle
NYCS-bull-trans-SFd-Std-silver.svg	SFd.silver	E0E7	S light gray diamond	Franklin Avenue Shuttle Express
NYCS-bull-trans-SIR-Std.svg	SIR	E0E8	SIR blue circle	Staten Island Railway
NYCS-bull-trans-SIR.svg	SIR.helv	E0E9	SIR dark blue circle	Staten Island Railway
NYCS-bull-trans-SIR-2016-2017.svg	SIR.legacy.2016-2017	E0EA	SIR dark blue circle	Staten Island Railway (2016–2017)
NYCS-bull-trans-SIRd-Std.svg	SIRd	E0EB	SIR blue diamond	Staten Island Railway Express
NYCS-bull-trans-SR-Std.svg	SR	E0EC	S with small R, dark gray circle	Rockaway Park Shuttle
NYCS-bull-trans-SR-Std-blue.svg	SR.blue	E0ED	S blue circle	Rockaway Park Shuttle
NYCS-bull-trans-SR.svg	SR.helv	E0EE	S with small R, dark gray circle	Rockaway Park Shuttle
NYCS-bull-trans-SRd-Std-blue.svg	SRd.blue	E0EF	S blue diamond	Rockaway Park Shuttle Express
SS Train (1967-1968, Black).svg	SS.retired.1967-1968.black	E0F0	SS black circle	145th Street Shuttle (1967–1968)
SS Train (1967-1968, Blue).svg	SS.retired.1967-1968.blue	E0F1	SS blue circle	South Ferry Shuttle (1967–1968)
SS Train (1967-1968, Orange).svg	SS.retired.1967-1968.orange	E0F2	SS orange circle	Culver Shuttle (1967–1968)
SS Train (1967-1968, Turquoise).svg	SS.retired.1967-1968.turquoise	E0F3	SS turquoise circle	42nd Street Shuttle (1967–1968)
SS Train (1967-1968, Yellow).svg	SS.retired.1967-1968.yellow	E0F4	SS yellow circle	Franklin Avenue Shuttle (1967–1968)
SS Train (1967-1979).svg	SS.retired.1967-1979	E0F5	SS green circle	Shuttle (1967–1979)
Special (1967-1979).svg	Special.retired.1967-1979	E0F6	S white circle	Special service (1967–1979)
NYCS-bull-trans-T-Std.svg	T	E0F7	T turquoise circle	Second Avenue Local (proposed)
NYCS-bull-trans-T-Std-black.svg	T.black	E0F8	T black circle	Unassigned
NYCS-bull-trans-T.svg	T.helv	E0F9	T turquoise circle	Second Avenue Local (proposed)
NYCTA-Standard-Medium-T.svg	T.nycta	E0FA	T turquoise circle	Second Avenue Local (proposed)
NYCS-bull-trans-Td-Std.svg	Td	E0FB	T turquoise diamond	Second Avenue Express (proposed)
NYCS-bull-trans-Td-Std-black.svg	Td.black	E0FC	T black diamond	Unassigned
TT Train (1967).svg	TT.retired.1967	E0FD	TT blue circle	West End Local (1967)
NYCS-bull-trans-U-Std.svg	U	E0FE	U black circle	Unassigned
NYCS-bull-trans-Ud-Std.svg	Ud	E0FF	U black diamond	Unassigned
NYCS-bull-trans-V-Std.svg	V	E100	V orange circle	Sixth Avenue Local
NYCS-bull-trans-V.svg	V.helv	E101	V orange circle	Sixth Avenue Local
NYCTA-Standard-Medium-V.svg	V.nycta	E102	V orange circle	Sixth Avenue Local
NYCS-bull-trans-Vd-Std.svg	Vd	E103	V orange diamond	Sixth Avenue Express
NYCS-bull-trans-W-Std.svg	W	E104	W yellow circle	Broadway Local
NYCS-bull-trans-W.svg	W.helv	E105	W yellow circle	Broadway Local
NYCTA-Standard-Medium-W.svg	W.nycta	E106	W yellow circle	Broadway Local
NYCS-bull-trans-Wd-Std.svg	Wd	E107	W yellow diamond	Broadway Express
NYCS-bull-trans-Wd.svg	Wd.helv	E108	W yellow diamond	Broadway Express
NYCTA-Standard-Medium-Wd.svg	Wd.nycta	E109	W yellow diamond	Broadway Express
NYCS-bull-trans-X-Std.svg	X	E10A	X black circle	Placeholder for proposed services
NYCS-bull-trans-Xd-Std.svg	Xd	E10B	X black diamond	Placeholder for proposed services
NYCS-bull-trans-Y-Std.svg	Y	E10C	Y black circle	Unassigned
NYCS-bull-trans-Yd-Std.svg	Yd	E10D	Y black diamond	Unassigned
NYCS-bull-trans-Z-Std.svg	Z	E10E	Z brown circle	Nassau Street Express
NYCS-bull-trans-Z.svg	Z.helv	E10F	Z brown circle	Nassau Street Express
NYCTA-Standard-Medium-Z.svg	Z.nycta	E110	Z brown circle	Nassau Street Express
NYCS-bull-trans-Zd-Std.svg	Zd	E111	Z brown diamond	Nassau Street Express
NYCS-bull-trans-Zd.svg	Zd.helv	E112	Z brown diamond	Nassau Street Express
